<?xml version="1.0" encoding="UTF-8"?>
<project-private xmlns="http://www.netbeans.org/ns/project-private/1">
    <editor-bookmarks xmlns="http://www.netbeans.org/ns/editor-bookmarks/2" lastBookmarkId="0"/>
    <open-files xmlns="http://www.netbeans.org/ns/projectui-open-files/2">
        <group>
            <file>file:/C:/xampp/htdocs/vaccine/application/views/people_view.php</file>
            <file>file:/C:/xampp/htdocs/vaccine/application/controllers/Admin.php</file>
            <file>file:/C:/xampp/htdocs/vaccine/application/controllers/Login.php</file>
            <file>file:/C:/xampp/htdocs/vaccine/application/controllers/Home.php</file>
        </group>
    </open-files>
</project-private>
